{"cameraMode":{"drawMode":0,"name":"Shaded","section":"Shading Mode"},"sceneLighting":false,"audioPlay":false,"sceneViewState":{"showFog":true,"showMaterialUpdate":false,"showSkybox":true,"showFlares":true,"showImageEffects":true,"showParticleSystems":true,"showVisualEffectGraphs":true,"m_FxEnabled":true},"in2DMode":false,"pivot":{"x":187.12330627441407,"y":-0.41898322105407717,"z":184.82835388183595},"rotation":{"x":0.0017262528417631984,"y":0.9331126809120178,"z":-0.3595716655254364,"w":0.004482293035835028},"size":3.0986738204956056,"orthographic":false}